4340674427,pos,"RT: @JorgeArrate: Marca la diferencia... Arrate Presidente http://bit.ly/2ngpSI #Chile"
4094146200,neg,"@marco2010 opino exactamente lo mismo! me parece una injusticia tremenda..."
3737529505,neg,"CEP: la izuerda le dio la espalda a Frei"
3971048074,neg,"caxando frei y peñera tienen deficit atencional, nunca entienden lo que les pregunta"
3566109783,neg,"Si. @sebastianpinera dio en el clavo. Bolt era un perro que juraba que tenia &quot;poder&quot; cuando en realidad nunca tuvo"
4370915184,neg,"Realmente piñera inconsistente. Malo el candidato, Poh hombre ! http://bit.ly/2ZjImK"
4335125037,neg,"@dlazo Si, qué feo. Mejor que le teman a Piñera, el zombie"
4334102676,neg,"@sanfeliu a piraña..perdon piñera mintiendo"
3990301115,neg,"EPIC FAIL RT @Manena: ... para @marco2010 &quot;ser chileno es una tragedia&quot;. ¡Fuertes declaraciones! http://tinyurl.com/mnonk7"
3548607687,pos,"@copano que progresista Piñera, va a respetar nuestro derecho a carretear ¬¬"
4334315375,pos,"Qué talla más buena Frei"
3998712373,neg,"Adolfo Zaldívar es la persona mas yoísta que he visto... detracito viene Piñera! Que personas más desagradables"
3800222019,pos,"@sebastianpinera Me pareció genial el giro que los asesores dieron a su campaña. Estaba harto de los colores del &quot;Sí&quot; una y otra vez."
4333923604,neg,"Aunque no lo parezca, Frei está cagado de la risa"
4357513102,neg,"Sobre el debate: Piñera debe darle matices a su discurso, Frei tendrá que creerse el cuento..MEO, desacelerarse...y Arrate conseguirse lucas"
4333023059,neg,"Piñera: Mucho ruido y pocas nueces... Como siempre."
4342766407,pos,"@marco2010 Mientras unos creaban castillos en el aire, Marco daba propuestas claras con datos reales y concretos. EXCELENTE!"
4334436060,pos,"Arrate, el gran ganador"
4332915090,neg,"#debate09 Las respuestas de @marco2010 son horriblemente malas..."
3737287465,pos,"RT @pinera77: En todo baja frei y sube piñera!/ Vamos a ganar! http://myloc.me/wier"
3541431581,neg,"@marco2010 a la fifa no le gustó hacer un mundial en dos paises (korea-japón) por lo cual no creo que les guste tu propuesta!!!"
4358159106,pos,"Debate presidencial: Marco Enríquez-Ominami lideró la encuesta on line de Diarios Ciudadanos http://bit.ly/nN7vX"
3710335442,pos,"EN CONGRESO NACIONAL, DISFRUTANDO DIA DE AYER. GRANDE PIÑERA."
3847461730,neg,"Piñera copia video de Obama. Es una burda copia, pero igual más efectiva que la campaña del Gobierno para la inscripción jovenes"
3834728465,pos,"@HenriquezNicole buuuuuuuu jajjaj vota x Frei. sera el o Piñera"
3549428542,pos,"RT @copano: Piñera en La Grua esta mañana, formato audio: http://bit.ly/BA9FX NOTABLE.... ESCUCHEN!"
3966411978,neg,"o sea que el ministro bitar andaba en punta arenas removiendo gente pq apoyan a @marco2010 . más vale q no sea cierto. esperamos desmentidos"
4063122795,neg,"Si hay algo que me molesta de @sebastianpinera es su doble militancia. Con la U Católica  no se juega ni se transa."
4334414089,pos,"Vamos presidente Frei .. sigamos haciendo crecer Chile"
4333917870,neg,"Frei ..bien, primero se responde la pregunta del público..aprende Piñera!! #debate09"
4333088495,pos,"@tele13online Arrate, lejos el mas claro y mucho mas relevante en sus respuestas. El peor: Frei y @sebastianpinera"
4332750367,neg,"Piñera y los derechos laborales aaaaaaa el wn carerraja #debate09"
4324603656,pos,"Recuperando archivos de un amigo y preparando sitio @marco2010 para el debate."
4344314876,pos,"Analizando el debate de ayer, gracias señor Arrate y MEO, nace una nueva forma de hacer politica."
4334505252,pos,"Frei llama a debate en Yingo #debate09"
4344575415,pos,"Lejos , pero lejos Arrate !!! nada que decir ,..."
4368785707,pos,"Arrate saca aplausos pero de la mitad de la concurrencia, se entiende porque Comunidad Mujer son principalmente empresarias..."
3480970540,pos,"en reunion de Comando Frei en Penalolen. Todas las fuerzas con Frei"
4334382604,pos,"me gustó, me gustó... arrate insisto el mejor de la noche, luego MEO forever, el resto q se pudra"
3268654629,pos,"PIÑERA 36%, FREI 22%, ENRÍQUEZ-OMINAMI 15%    :   Encuesta CERC. http://bit.ly/AOW6b"
4145651136,pos,"eduardo Frei Presidente"
4333902729,neg,"La típica pregunta. Pero guena. Pfff ooootra vez Frei habla de los logros del gobierno de Bachelet"
3534472303,neg,"Alguien se ha preguntado por que Piñera dijo eso, no será para demostrar que no come guaguas, que si cree en la ayuda social."
4369786315,pos,"Arrate: &quot;Sebastián tu votaste en contra en 1995 x una reforma laboral para la negociación colectiva&quot;."
3764518184,pos,"piñera proximo presidente"
3528474202,pos,"La mejor encuesta que he visto, leído y votado durante esta semana es la que tiene @marco2010 en www.marco2010.cl :D"
3737016881,pos,"@marco2010 HAY QUE TRABAJAR DURO MUY DURO."
4334710121,pos,"&quot;Arrate es un hombre de izquierda&quot;"
3647316035,neg,"Es impresentable el panelista Oscar de estado Nacional, es un fanático le falta llevar la polera de Piñera, peor que Matías del Rio"
3763326464,pos,"Frei esta en problemas. Pamela Jiles se baja y no le traspasara sus votos rn segunda vuelta"
3475894226,pos,"Frei: &quot;Soy un continuista y a mucha honra&quot;"
3595595641,neg,"Eduardo &quot;Narigón&quot; Frei, es pinochetista. El pelotudo donó joyas para el gobierno del dictador Pinochet. Su padre, defendió el golpe. Huev"
4336383205,neg,"@marco2010 me quede con gusto a poco con tu participacion en #debate09 esperaba mas. complicado si el formato... Arrate winner en el debate."
4334203817,pos,"Según Aldo Cassinelli, el punto más alto fue el ataque de Piñera a Frei"
4409378163,neg,"Con q objetividad @patricionavia hablara de las campañas presidenciales,si es activista y financista de @marco2010 ,ahora entiendo las cosas"
3742368390,neg,"encuentra: @MLKtoSCL Cago Eduardito, Poh... Cada Encuesta, Peor... Así con Frei y la CEP xD http://bit.ly/c0Bfn"
4334354386,neg,"RT @Silverstino: #debate09 Escucho a Frei y me acuerdo del osito gomilalo wn http://bit.ly/2EUsqr #debate09 #fb"
4387761844,neg,"Concertación insiste en que Piñera actuó indebidamente - La Nación (Chile): Diario las AméricasConcertación ins.. http://bit.ly/JnrUc"
4334313572,neg,"Puta que es weón Frei... &gt;.&lt; #debate09 #dp09"
3698998799,neg,"ayy Piñera el abuelito. que lindo me recuerada a otro abuelito"
3714605136,neg,"La Nación » 12:45 | Concertación repudia veto de Piñera a La Nación: Un atentado a la liberdad de p.. http://bit.ly/VEwqt"
3849601266,neg,"@IvanValenzuela el de piñera no sólo usa música de cold play, sino que le copia descaradamente spot a obama"
3741174898,neg,"@bastiangb y una historia que pesa. Es complicado. Si uno analiza, todos tienen puntos buenos y malos. Mientras, espero que no salga Piñera"
4343347254,pos,"Arrate sólido, si bien no tenía nada que perder... Las propuestas de Frei y Piñera bastante escuetas, slogan... y MEO vamos!"
4334631917,neg,"Comando de Frei...dejen de pelear!!!! Propongan  no ataquen"
4333483765,neg,"@sebastianpinera Piñera bullshit... parece disco rayado con sus discursos mamones y sin sustento"
3661436195,neg,"RT @Dani_Lupin yo no votare por #piñera porque lo considero un farsante"
4380388676,neg,"RT @Francotirador: &quot;Comando de Piñera llama a Frei a hacer una campaña limpia de ideas&quot;. ¿Más limpia de ideas todavía? ¿Se podrá?...|"
3719782850,neg,"@bianchileiton de todos modos el peor parado es Piñera. Malísima la relación calidad-precio. Por muy horrenda q sea La Nación, = es censura"
4348841679,pos,"dicen que Arrate estuvo bien en el debate (verso), yo no lo vi. Sólo sé que tiene 90 años y representa 110."
3392030578,pos,"@marco2010 no si que tanto sentido me hace, más me hace pensar que en un comienzo no sabíamos que ibamos a terminar tan bien"
4334738151,neg,"Piñera es Maricón... aún no le da el nombre de su cirujano a Carlos Larraín [Pdte RN]"
4084652841,neg,"que mentiroso es Frei... dice que nunca ha descalificado a nadie... lol"
4332726965,pos,"Bien Frei...!!!!! Un estado mas pro-emprendedor !!!"
3653023725,pos,"@sebastianpinera No olvide hablar de cambios en la salud,trabajo y deporte esos son los pilares para un cambio rotundo a nuestro pais.suerte"
4429856927,pos,"@marco2010 Sería interesante que contaras cuál es la visión de nuestros vecinos con el Chile actual y su política exterior! Gracias! ?"
4334353789,pos,"se siente, se siente, ARRATE PRESIDENTE!"
4334361404,pos,"Supongo que Villegas no weará más a Arrate por el 1% después de hoy."
3846592447,neg,"que a piñera lo persiga la SCD! el original http://twurl.nl/z76eoc y la copia http://twurl.nl/bcfb86 /"
4334372094,pos,"Arrate lejos, no tenia nada que perder pero mucho que ganar y una consulta, pk si tvn como canal publico, pone despues de elisa el debate???"
3751254827,pos,"@tele13online Los voceros de Piñera y Frei son un chiste, sólo se tiran las garras. Bien por Trivelli que sólo habló de su candidato."
3737350922,neg,"@fernandopaulsen La mitad de los votantes de Frei no vota por MEO en segunda vuelta. Gran aporte a Piñera.... era de esperar...¡¡¡"
3722191479,pos,"RT @karliti @marco2010 que es lo q lo diferencia d los demas candidatos? para uno diga.. quiero votar por ud? || excelente pregunta. saludos"
3892595995,pos,"@marco2010 sigue avanzando"
3971105330,neg,"que clase de candidato es @sebastianpinera que aún piensa que tiene tiempo de inscripción en los registros electorales? http://tr.im/yCDN"
4334463092,neg,"Lo malo: Los clichés de SP, la a ratos izquierdización ochentera de Arrate, la falta de respuestas de Frei, el aviso de Meo según @DMatamala"
3864771380,pos,"@marco2010 a pesar q aun no contestas mi pregunta.... mañna t deseo éxito"
4352172725,neg,"La gente del Gobierno actuó muy mal en informe de Transparencia Internacional, sostuvo muy molesto Sebastián Piñera"
4448984689,pos,"@candidatos : tienen por ahi sus programas de gobierno en un solo documento? J. Arrate es el unico. Gracias!"
3764358896,pos,"Contundente Marco en la Universidad Central, Frei: mas de lo mismo Piñera: conservadurismo. ( la frase es mia y sintetiza lo que dijo Marco)"
3422872888,pos,"ipsos piñera y marcos empatan en segunda vuelta http://apps.facebook.com/marcopresidente/ todos a votar por marco, grande pato navia  #fb"
4164170466,neg,"Piñera roba chiste fome de The Clinic para referirse al ministro Vidal.Se podrían establecer acciones legales http://bit.ly/48Qpi0"
4007946778,neg,"@marco2010  http://img21.yfrog.com/img2  por la boca muere el pez?"
3991307204,neg,"RT @injerto Sabía usted que @marco2010 detesta ser Chileno, y detesta a los jóvenes? http://tr.im/yHXh // CHAN!"
3512868990,neg,"Frei aprendió de los presidentes de la concertación. Proteccionimo al mandatario, que no opine porque los peones moriran por él."
3703205818,neg,"RT @tele13online: &quot;Quiero ser el presidente de la gente. Por eso nadie ha recorrido el país como yo&quot;, dice Piñera// en avión propio!"
4052719776,neg,"El Pais titula &quot;Aznar causa malestar en chile&quot;, x apoyar a un candidato. ¿xq no dijo lo mismo El Pais cuando ZP apoyó al contrario a Merke"
3548607687,neg,"@copano que progresista Piñera, va a respetar nuestro derecho a carretear ¬¬"
4434636334,neg,"Y ahora saca hasta frases de Gardel, copia MODE ON by @sebastianpinera"
3924254994,neg,"Frei M. habría votado por Frei RT?.-. Miguel Enríquez por @marco2010 .-. Allende por Arrate? .-. Pinochet x @GarciaPinochet?... EN TODAS: NO"
4434588794,pos,"me sorprende como se desenvuelve sebastian piñera en 1910..."
3764025086,pos,"@IGrevenI No veo donde esta el parecido, ambientes totalmente diferentes. Imo piñera es un buen negocian no un ladron http://inreply.to/GWf"
4445639016,pos,"Economía / Piñera quiere convertir a Chile en potencia del turismo http://www.elreferente.cl"
4094782769,neg,"RT @sebastianpinera: Gobierno no nos invitó a parada militar. Por eso se cayo del jeep ministro vidal || dijo el más picao de la galáctea"
4353457682,pos,"pucha. porqué no hicieron el debate antes del cierre de inscripciones? quiero votar por Arrate http://bit.ly/bvWdB"
4332934151,pos,"arrate me cayó bien con su respuesta. frei nada. la karen esta muy feliz xD y la manera en que habla piñera me hace no creerle xD"
3549212911,pos,"@ingdeoz: @marco2010 ese programa sólo idiotizará tu mente .. / +1 cuidate :-)"
4339252391,pos,"A RATOS LE VOY A ARRATE http://bit.ly/JtxBo"
4434285671,neg,"QUÉEEEEEEEEE! SEBASTIAN PIÑERA EN 1910!!!!!!!!!! A NOOOO!!!!"
3699755148,neg,"@sebastianpinera Apelando a la emoción. Mira cómo lloro..."
4334104157,neg,"RT @elpulentoRT: @pinera prometo construir un puente del porte de tu nariz frei, cueste lo que cueste"
4417394580,neg,"@marco2010 insistes en q propondras temas d futuro, q los otros candidatos sn pasado. INCONSECUENTE dp mostrando fotos d hac 12 años a Frei?"
3877646498,neg,"RT @Alohran: RT @paisperfecto: Y no, @Marco2010 no gritó el gol...xD! | ¿y a quien chu*** le importa? XD/ JUE A BUSCAR UN SANGUCHITO"
3590779127,pos,"mucho entusiasmo genera la proclamacion de @sebastianpinera este martes en el arena. me estan pidiendo muchas invitaciones"
4334283751,neg,"y piñera quiere seguir ayudando a los pobres gracias a eso esta comuna (&quot;peñalolen&quot;) es una mierda, por las oportunidades"
4332604024,neg,"viendo el debate ps'... [uta que me carga piñera]"
3525202907,neg,"piñera y el bono: ¿se acuerdan del bono para las dueñas de casa? A piñera le dijieron demagogo, luego Bachelet lo aplicó. ¿En que quedamos?"
3711249134,neg,"http://bit.ly/125KcQ ....VEAN ESTO  @sebastianpinera .... el fin de su campaña Privada...como bush va a empezar a decir tengan MIEDO!!!"
3721990138,neg,"@Matiasbakit en nada de nada. Y hinzpeter no cacha aun...pinera necesita mas asesores y menos hunchas...gente q piense un poquito mas"
4333100440,neg,"RT @Ale_Maynard Acabo de confirmar que piñera es un plantilla de mierda! #debate09| Toda la razon"
3516444864,neg,"@pablomatamoros ....me suena más a que el bono de piñera es más un recompensa que a un asunto de contingencia económica."
3937537291,neg,"RT @d0nfil0fi0: Todos tenemos derecho a cambiar, pero a Frei sólo le creeré cuando diga &quot;me equivoqué&quot;. || +1"
4334238474,neg,"hasta la corbata esta chueca en Piñera xD!"
3542907054,neg,"@marco2010 lástima que tres candidatos no estuvieron &quot;ni ahí&quot; con 1.200 jóvenes en el día de ayer..."
4333952730,neg,"#frei esta tan cagado que tiene que usar twitter para ir respaldandose"
4332688968,neg,"RT @eduardoe Piñera hablando de un &quot;SERNAC financiero&quot; ¿Acaso no es mejor darle atribuciones adicionales a la SBIF? // Pense lo mismo!"
3540190381,neg,"@sebastianpinera puedes explicarme en que consiste ese bonos de marzo? Soy fiel partidiario de la derecha pero aquí algo huele mal"
3452521080,neg,"RT @biobio: Longueira: proclamarán a Piñera pero piensa que fue error de la UDI no llevar candidato presidencial propio// Tan atinado él"
3877363402,pos,"@marco2010 FUERZAAAAA!!!"
4334455877,pos,"@tvn_mauricio Yo creo q el gran ganador fue Arrate, ya q se dio a conocer en un medio masivo y como un candidato mas, no de relleno."
3810628398,neg,"RT @jorgejorquera: no me llega @marco2010, no lo entiendo y lo encuentro enfermo de arrogante + 1"
4034845033,pos,"Mulet: Es un golpe bajo reflotar cosas del pasado como hicieron con Enríquez-Ominami: Recordó que en el Te Deum .. http://bit.ly/o98Y1"
3588646531,pos,"@sebastianpinera Es un buen nombre, rapido como el atleta y tierno como el de la pelicula"
4332754977,neg,"jajaajaj piñera se lo comio el publico wajajaj"
4007515909,neg,"Con esta sí que se coció @marco2010  http://doo.ly/23b4"
3734644189,pos,"@marco2010 GRANDE MARCO EL PUEBLO ESTA CONTIGO!"
3493066214,neg,"$10 millones se ha gastado Piñera en publicidad en 10 días, según dijo en EN. Que pase el dato, porque le están cobrando demasiado barato..."
4334497790,pos,"Piñera ... mucho ruido, pocas nueces y picota. Frei ... nada nuevo. Me-o ... mucha verborrea. Arrate ... sólido ¡¡"
3698998799,neg,"ayy Piñera el abuelito. que lindo me recuerada a otro abuelito"
4334356626,pos,"Ganador del debate: #Arrate"
4369954880,neg,"&quot;Quién atajó al poderoso Piñera?&quot; en @politicarock .cl! http://tr.im/zIs9"
3834728465,neg,"@HenriquezNicole buuuuuuuu jajjaj vota x Frei. sera el o Piñera"
3465925413,pos,"Estoy viendo a @sebastianpinera junto a @Cumparini en &quot;El Lado C&quot;. Hoy es el último capítulo de la primera temporada."
4373350196,pos,"Frei: ?Mantengo lo dicho? contra Piñera por caso LAN. Candidato de la Concertación descartó retractarse por alusión... http://ff.im/-8IwUx"
4054948910,pos,"@marco2010 me parece, marcos... la nueva forma de hacer politica tiene que ser inclusiva y representativa de la diversidad de nuestro país."
4361832575,pos,"@tele13online no me gusto la mencion de frei es poco etico o no se acuerda que el favorecio a la tabacaleras con su voto en el senado"
4335120186,neg,"RT @tojomik: Si se fijan el informe no acusa a Piñera, FREI Lea despues acusa | es verdad... Frei o no leyó, o leyó y no le importó mentir"
4332544265,neg,"Frei bien, nada de mamonear a TVN por el despliegue jaja, pero roto por no saludar"
3701562119,neg,"ahí quedaste @sebastianpinera las mismas viejas mal folladas que clamaban por Pin8 son las pobres catetas no representativas que te siguen"
4344188255,neg,"@gabrielchacon oye, pero un detalle: o tiene una falla, o Frei no dijo nada de nada XD"
3700699112,neg,"@Aerial Ahahaha pero ahí también moriría Piñera po, como votarás por el? xD"
3526496217,neg,"@sebastianpinera, espero que des buenas explicaciones ya que esta semana me has decepcionado dos veces: $ por voto y mintiendo sobre gastos."
3462851929,pos,"@patricionavia hace rato que frei se escuda en sus asesores, no habla ni da opiniones fuertes. Solo se despeina y se cree progresista"
4335716897,neg,"La página de Pinera no colapsó por demanda, porque está hospedada en Media Temple... La mantención fue &quot;tongo&quot; #debate09"
3375351543,pos,"@marco2010 es lo que todos hariamos no? Concertacion renovada lo dijo Lagos"
4334320755,neg,"Chan: Los últimos serán los Primeros, Frei. Creo que tiene un poco de exceso de confianza #debate09"
3736518937,neg,"Frei esta asustadoooo!!! frei sta cagadooo!! juju eso le pasa por viejo amargado :P"
4114366677,pos,"@marco2010 Sigue dando el ejemplo, preocupate personalmente que el 2013 tu gobierno invite a todos los candidatos presidenciales."
3626865611,pos,"@marco2010 marco, di que vas a terminar con la corrupción y voto por ti. Si lo único que queremos es seriedad."
4347613083,pos,"Arrate demostro su superioridad ante todos los demas candidatos como siempre lo ha sido lo que sucedio ahora es que se demostro en tv"
3720450735,neg,"Lo que hizo @rhinzpeter con @lanacion deslegitima todos los intentos de @sebastianpinera por demostrar independencia en CHV"
4334159704,neg,"#debate09 ¿Por qué Piñera le tiene tanto miedo a dar cifras? ¿qué transparencia podemos esperar para su gobierno si es electo presidente?"
4342133844,neg,"@marco2010 No tokes el impuesto de los puchos y el copete. A las mineras y celulosa si...."
3533958815,neg,"adn hoy:lamentable Piñera no contesta sobre gasto en campaña y se limita a autopreguntarse y responder lo habitual...insistiò en el bono..."
3891525288,neg,"Recien me entero que @marco2010 quiere a Maturana de diputado, penoso saber que Marco cae en el efectismo mediatico de un personaje asi"
3737455188,pos,"Vamos Sebastian Piñera! a seguir trabajando!"
3864730427,neg,"¿cómo @sebastianpinera puede hablar tanta lesera junta?"
4406826118,neg,"Cada vez soportando menos a Piñera.... tolerancia¡"
3682568083,pos,"@marco2010: gracias por la honestidad y disposición"
4373683840,pos,"@sebastianpinera Tienes la fuerza y convicción para que las caricias y los razguños no afecten tu liderazgo. A seguir conduciendo el cambio."
3695228381,neg,"@comandosp  Frei insiste en el tema gastos.. Ya está lateando en mala y le va a jugar en contra .. lo peor que podemos hacer es responderle"
3832809348,pos,"@sebastianpinera está enamorado el hombre!"
3620019355,pos,"RT @marco2010: El perro se llamará Meo o Colon según Manuela // Muy inteligente tu hija . Meo esta muy bien"
3544345155,pos,"Considero q lo dicho x Piñera referente al bono fue mal interpretado, la idea era dar a entender q habrá continuidad en la labor social"
4009561135,pos,"RT @marco2010 los que buscan en mi pasado un salvavidas para su futuro se equivocan de estrategia // bien dicho!"
4462304151,neg,"&quot;fue debate político, no jurídico&quot;... Si Frei decía eso en el debate se ahorra el jugo."
4334056910,neg,"@tvn_mauricio Esta claro, Piñera, se vio nervioso, violento y carente de propuestas, de hecho debio contestar las preguntas y no evadirlas"
4418468392,neg,"Estado Nacional:la teoría que PIÑERA pueda ser percibido como &quot;víctima&quot; es ridícula: la víctima debe ser percibida como el débil golpe"
3627903560,neg,"@marco2010 creo q cuando optamos x bajar el iva a los libros en lugar de fomentar bibliotecas pensamos + en nosotros q en los demás"
4351009775,neg,"Logicamente me refiero a contrastes. Eso no quiere decir que Frei igualmente deberia esclarecer sus negocios y hacer fidecomiso y esas cosas"
3735550612,neg,"¿que tanto con la encuesta CEPastian piñera? Dos dedos de frente para saber que el 89% de las encuestas mienten. cuek!"
3661436195,neg,"RT @Dani_Lupin yo no votare por #piñera porque lo considero un farsante"
4334372268,pos,"Arrate...el gran ganador en mi opinión del debate."
4335783956,neg,"ash! me voy! enojadisima de que algunas personas sigan pensando que piñera es un democratico que los viene a salvar. puaj! buenas noches!"
3413862453,neg,"RT @biobio: Banda Ancha y un computador a todos los niños pobres de Chile si es Presidente, prometió Sebastián Piñera|| Populismo?"
4358812734,neg,"el montaje en transparecia internacional es un boomerang que le va a pegar en la nariz a Frei y a su gente"
3678293818,pos,"@marcelobrunet ¿Qué te parecio Piñera en Tolerancia 0?, para mi, sencillamente extraordinario."
3763962302,neg,"RT @ximegui: El problema q tendrá q resolver FREI es como salir de en medio de los 2 profesionales del ofertón. / El probl es unir su equipo"
3427386515,neg,"Creo que Piñera no saca mas votos que los que ha tenido siempre, incluso tiene  menos del que tuvo Lavin, en 2da vuelta tampoco gana seguro"
3698190484,neg,"@prod_chileno supe algo hoy de piñera :( a los gay no conviene que salga como presidente :'("
3765280541,pos,"Se acerca el triunfo de @sebastianpinera la clasificación de la ROJA al Mundial... ¿Qué más se puede pedir?"
3564509406,neg,"?Hay algunos a los que no les gusta que salga el sol? dijo Piñera por la funa. Lo único que faltaba era que se creyera el Rey Sol."
4131834410,neg,"@sebastianpinera pr q esa mania de buscar con tantas ganas el poder..no entiendo...tienes dinero solo falta algo en tu vida..ser presidente."
4334628641,neg,"Piñera sin contenido en sus ideas, populista máximo, propuestas repetidas 4 o 5 veces, poco control de sus impulsos, una mierda de candidato"
3847461730,neg,"Piñera copia video de Obama. Es una burda copia, pero igual más efectiva que la campaña del Gobierno para la inscripción jovenes"
4351073033,neg,"@patricionavia ¿y Frei votaría por Arrate o por Piñera? Lo de ayer con el estatismo de EF no fueron flores, fue claudicación vergonzosa."
4334212700,neg,"El ladrón pretende mejorar la educación enriqueciendo más a los sostenedores. Realmente Piñera es una basura de persona."
3702447690,neg,"@marco2010 llegaste al congreso con el apoyo de la concertacion y asi pagas."
4333045508,neg,"Y Piñera sin propuestas... ninguna! sólo criticar lo que se ha hecho, pero cuál es su propuesta?"
4448530545,neg,"Gomez, Escalona y Latorre prefieren hundir a Frei antes que renunciar a un apice de su poder. Si no, no se explica lo de hoy."
3810443915,neg,"@marco2010 A veces tu pedanteria caé bastante mal... recuerdo que existe la humildad. Si fuese por rating invitan a otro, menos a ud."
3518384988,neg,"Piñera y su bono de marzo, es la compra de votos en cubierta, típico de un accionista. Falta q regale microondas a cada votante pobre."
3528749194,neg,"@marco2010 a los ricos hay que facilitarles que gasten, en vez de ponerles trabas. y, claro, volver a definir qué es ser &quot;rico&quot; en chile."
3894286363,neg,"RT @negracuriche fuerte y claro:Somos los que por gente como Moreira nunca votaremos por Piñera (via @v_rebolledo)/ Kast, Novoa, Cardemil..."
3972487983,neg,"@mansun79 Eso es empate moral...aparte Frei fue de los que más criticó que existieran senadores desginados. Eso no se hace."
3544345155,pos,"Considero q lo dicho x Piñera referente al bono fue mal interpretado, la idea era dar a entender q habrá continuidad en la labor social"
4334388776,neg,"en serio, si alguien cree que a piñera le fue bien, 'ta caga'o del mate #debate09 #fb"
3998356861,neg,"@marco2010 &quot;Nunca me ha gustado su estética ni su mundo ni su manera de hablar (por los jóvenes) (sigue...)"
4333010312,neg,"Que manera de hablar Piñera y no decir absolutamente nada coherente o plantear algo concreto"
4029145911,neg,"Esto de la justicia laboral... justo cuando hay campañas políticas... yo casho que va a ganar Píñera"
3791231078,neg,"RT @Orrego: Llego Piñera! Solo falta Frei  // En que está Orrego, mientras juega Chile?..."
4334478362,neg,"Piñera sigue y sigue con esa retórica mula... &quot;Frei faltó a la verdad&quot; #debate09"
3700816490,neg,"Palestra de Turismo Sustentável no 2º FIBOPS no Frei Caneca amanhã"
3690747238,pos,"Frei dice que rendirá el 13 de septiembre sus gastos de campaña http://bit.ly/xX1fy"
4335398960,neg,"nadie ve al canal 13  #debate09"
4432691263,neg,"@tolerancia0 A Frei le salio el tiro por la culata, a los chilenos no nos gusta que nos mientan ni nos traten como imbeciles. Mal Frei"
3419411928,neg,"piñera ominami y frei ..3 candidatos  a la presidencia de Chile NO me quedo con la michel bachelet..."
3528509818,pos,"Y cuando a Piñera se le escape el perro, dirá &quot;uuuy, se me fue el Poder de las manos!&quot;"
4334792441,pos,"Larrain saca su mejor acento cuico para insultar a Frei.  Parece q la web de piñera se cayó. Donde están los gastos?"
4174467235,pos,"Por qué @JorgeArrate habla en tercera persona, a lo Martín Vargas?"
4334443561,pos,"Lejos Arrate la llevó"
3495026542,pos,"@MLKtoSCL Todos los candidatos pueden llegar a vender Chile, pero Piñera lo va a vender mas caro, eso es lo bueno"
3739966891,pos,"Gracias @sebastianpinera por regalarnos la mejor portada de La Nacion... en blanco!!"
4334465352,neg,"@macasarmiento yo creo que a varia gente mas le debe haber quedado claro que no votará por Frei"
4370192981,pos,"Arrate: Violencia: Redes comunitarias; preferencia en encontrar trabajos, y derechos: tribunales"
3983575259,pos,"@sebastianpinera Cuando hablabas de subir impuestos y Royalites... era broma, no?"
3517934533,pos,"Comando de Piñera detalla propuesta de bono y defiende gastos en campaña http://tinyurl.com/m2o23u  // ese es mi jefe! jajaja"
3670944861,neg,"Piñera: &quot;Quiero ser el Bielsa chileno&quot;; Bielsa &quot;Quiero ser como Bachelet&quot; SP OWNED!."
3520318958,neg,"Ex presidente Aylwin critica a Piñera por bono de marzo... http://tinyurl.com/lc9ukn"
3549870728,neg,"@csierralta las gigantografrias no seran un gran problema d urbanismo? Al menos a mi me resulta distractiva la cara d piñera"
3791035551,pos,"@wicked_b0ii  yo ire la prox semana :) pero votare por piñera como mi rpesidente :)"
4342672154,pos,"http://bit.ly/sUA7B #debate09 para reir un rato"
4335912969,pos,"@marco2010 Ojalá sea por el padre, ya que por la hija... Sin comentarios."
4344299539,pos,"concuerdo con frei en una sola cosa 30 segundos es muy poco tiempo para exponer bn una idea o una propuestad de gobierno."
4350171893,neg,"...Mis conclusiones de ayer son : Arrate me prende!, Frei, le falta imponer ley, enriquez le falta un meñique, y Piñera DA PENA! jajaja..."
3764176185,pos,"@sebastianpinera Espero que este todo bien aca en Parral ya que lo esperamos con muchas ganas de escuchar a nuestro futuro PRESIDENTE"
4067213813,pos,"@marco2010 exelente lo del fonadis se esperaba algoi asi de los candidatos ya que esta intutucion no hace mucho por la porblematica en gnrl"
3518192308,neg,"Yaaa po'. Si Piñera ha gastado 10 millones, Frei era el candidato natural de la Concertación y Bowen representa a los jóvenes... CUEK!"
4400482072,pos,"El Gobierno chileno defiende el informe de Transparencia que alude a Piñera: El Gobierno chileno defendió hoy e.. http://bit.ly/hfPwA"
3461699846,pos,"tengo la estrella de piñera!! mañana escuela de lideres en la udec!!"
3936099293,pos,"Desde Argentina Frei rinde homenaje a víctimas de dictadura http://bit.ly/21gjnT"
3510933584,pos,"@marco2010 El parlamento ha estado abierto para ellos. ¿Cuál es la idea? Mientras no sea una medida populista, como los 40mil de Piñera."
4333066276,pos,"opino que ominami la lleva y que piñera está dando la hora..."
3602226615,pos,"@marco2010 no veo problema en que se casen y adopten"
4368206007,neg,"RT @desbordes En el debate de comunidad mujer, va media hora y solo 3 candidatos Frei aun no llega, plop"
4344188255,neg,"@gabrielchacon oye, pero un detalle: o tiene una falla, o Frei no dijo nada de nada XD"
3970282221,neg,"Uf... viendo a FREI en @tolerancia0 / Es de lo + ordniaria&amp; malo que he visto de los candidatos a LaMoneda. Con esto, baja 5% en la prx. CEP"
4378484598,neg,"RT @helisocorman Pensándolo bien Piñera es bien leso de ir a meterse a 1910. Nadie ve esa cosa! // que es 1910? xD"
4336321875,neg,"RT @Cooperativa Cecilia Morel: Eduardo Frei no puede mentir tan descaradamente: http://bit.ly/OdngW //Ja!! Se le contagió lo caradura de SP!"
4332941245,neg,"#Debate09 insisto... está demasiado nervioso frei"
4342922832,neg,"@FMBox estuvo bueno el debate pero el señor Frei no tiene nada que hacer en ese grupo es CERO aporte"
4334252614,neg,"Me apesta Piñera con sus frases radiales #debate09afta"
3940041888,neg,"@sebastianpinera no sólo le roba a Claro, los ahorristas del banco de Talca u otros, sino que ahora además le roba a los creativos de Obama"
3947219014,neg,"@Curvaspoliticas Frei y Piñera le copian a Obama, en realidad no sé si sea tan digno de copiar jajajajja..igual Frei no gana en dic  =)"
4358687336,neg,"Que se vaya Tocalli. Y los camilleros, y el directorio, empezando por Piñera y el car'e camello"
3657850263,neg,"no soporto a Piñera! si no &quot;tuviera&quot; que escucharlo, cambio la tele sin pensarlo"
4342925020,neg,"Piñera!!!!! Comprate un alma por la CTM!!!!!  Ayer Solido Arrate !!!"
3502816059,pos,"@marco2010 Comparto tu emoción, una mascota es todo lo que nosotros hacemos de ella, otro ser a nuestro cuidado"
3836806859,neg,"@sebastianpinera Una lastima que los políticos ya no defienden sus propias posturas y tengan que caer en las descalificaciones con los otros"
3525401057,neg,"@IvanValenzuela Frei a nosotros nos dejó plantados hoy por supuestos &quot;problemas personales&quot; luego dice que falta al HC por agenda... Pff!"
3970159584,neg,"@tolerancia0 frei ya robo lo suficiente durante 6 años!!! Ahora quiere 4 años mas de robo!!! Cara de raja..."
3841124825,pos,"@marco2010 estoy en el seminario de energía, me gustó tu forma de plantear el No a hidroaysen. Se agradecem siempre los buenos argumentos."
3784825813,neg,"@marco2010 Sinceramente crees poder lograr eso?¿? Es una linda promesa pero, un poco utopica !"
4342025465,pos,"Arrate me sorprendiste!!! Que seguridad por Dios... no me lo esperaba, enserio!"
3701669428,neg,"Piñera se te olvida que los paises que olvidan su pasado estan condenados a repetirlo, a no ser que personalmente quieras olvidar algo."
3738981668,neg,"@NicoJara Porque IMPOSIBLE que PIñera tenga tanto porcentaje si el clamor popular me dice todo lo contrario, la gente ya no lo cree..."
3414700526,neg,"Piñera no respeta los espacios publicos, sale cada 5 min en las radios de internet, Tenemos derecho a escuchar musica y publicidad variada??"
4384059800,pos,"PIÑERA...JUEGATELA DE VERDAD, FREI NO TIENE FUTURO COMO PRESIDENTE, SOLO LE TIENES QUE GANAR A TU VERDADERO CONTENDOR QUE ES M.E.O."
4334796632,pos,"creo que Arrate estuvo sólido. Lástima que tenga un próximo 3%...."
4340682381,pos,"Arrate sorprendente, lúcido, informado y directo; Marco Enríquez bien, faltó eso sí algo de contacto con lo emocional; Frei y Piñera mal..."
4334214082,neg,"No se quien ha ganado hasta ahora en el debate, pero Piñera sin duda no ha hecho sólida su delantera en las encuestas."
3496240598,pos,"@sebastianpinera Extraordinario en Estado Nacional. Realmente te felicito, te ganaste la estrella en mi foto, ahora si la pongo."
3821228761,pos,"@marco2010 Encuentro que lo hiciste regio en tolerancia 0.. ahora a serguir mostrando tus propuestas."
4334517034,pos,"que bueno lo que dijo frei, menos farándulas, más espacios como estos con temas de real interés de la gente =)"
4334498834,neg,"Frei no tiene tema, no tiene argumentos... me da pena el pobre wn... me parece increible pensar q el fue presidente"
3494863355,pos,"A Piñera se le arranco el helicoptero con el bono de 40k"
4335783956,neg,"ash! me voy! enojadisima de que algunas personas sigan pensando que piñera es un democratico que los viene a salvar. puaj! buenas noches!"
3858124415,pos,"jajaja... Frei desacreditando a la CEP en TVN... ya no haya que decir"
4333860711,neg,"palos van y vienen pero @sebastianpinera no contesta nada en #debate09"
4009463956,pos,"@Marco2010 Si vas para Italia, te ruego viajero, que le digas a ella que de amor me muerooooo bisss"
3640863812,pos,"yo me inscribiré para que @sebastianpinera no salga presidente"
3742368390,pos,"encuentra: @MLKtoSCL Cago Eduardito, Poh... Cada Encuesta, Peor... Así con Frei y la CEP xD http://bit.ly/c0Bfn"
4334960946,neg,"@sepulvedajose Piñera es un carerajaaaaaaaaaaaaaaaaaaaaaaaa eso es lo unico claro"
4368340626,neg,"Enterandome que Frei no aparece en un debate. Ese es un candidato cercano a los problemas de la gente"
4018756050,pos,"@marco2010 Este chiquito se tiene fé...me gusta...ladra  como perro grande...aunque la gente con su capacidad la lengua lo traiciona."
4369622041,neg,"sacó pifias MEO, cuando ataca a Piñera ... Estuvo pasdo pa la punta el cabro."
4334621021,pos,"RT @MarceSabat: Más claro IMPOSIBLE!! Sebastián Piñera futuro Pdte. De Chile. Asi queremos Chile!!!"
3570226651,pos,"@marco2010 Espero que mejoren sus hijas, es complicado cumplir cuando uno siente que debe estar junto a sus hijos..."
4347183998,neg,"Eduardo Frei tendrá que explicar por qué se refirio a un inexistente Tribunal de Transparencia Internacional."
4332839220,neg,"#Debate09 frei está demasiado nervioso...."
4341090664,neg,"Conclusiones #Debate09: Tantos años de circo y Frei todavía no entiende que los chistes NO son lo suyo (&quot;yo zoy zúper chiztozo&quot; :B)"
3970208522,neg,"Frei no se arrepiente de nada, ni siquiera de los errores... interesante"
3501135739,neg,"Cualquiera que haya hecho campaña alguna vez sabe que Piñera miente cuando dice que sólo ha gastado 10 millones de pesos en propaganda"
4326114302,pos,"@sebastianpinera cool man cool!"
4332630899,neg,"Piñera no cambia desde el 2005, las mismas respuestas #debate09"
4335449845,neg,"75% del público era contrario a @sebastianpinera y eso no puede ser en un debate civilizado. Alguien en TVN debe estar sonriendo. #debate09"
4334226420,neg,"Piñera, el finado era mas grande parece #debate09"
3702982292,neg,"qué piñera en los diarios? qué meo y su presupuesto? qué bachelet y su discurso? LA ELISA MURIÓ LOOOCO... mañana portada segura"
4334487012,neg,"La pelea en vivo entre Piñera y Frei dio verguenza..."
4334676213,neg,"RT @sebastianpinera: fuiste el gran perdedor. tus ideas se vieron maqueteadas, no te la pudiste con frei, menos con ominami. CHILENOTE CREE!"
3565901739,neg,"José Piñera me da asco, y punto"
4334486750,neg,"No sé que le hallan a Arrate. Si, sus ideas son shuper lindis, pero del hecho a la realidad... Cabros, yo les puedo prometer cualquier wea!!"
4049430859,neg,"Que es esta wbada??!.....la campaña de Piñera la dirige René de la Vega o algo asi...! jaja http://bit.ly/gWb4S"
4334531064,neg,"Pucha que es cierto. Frei habla del tiempo en la TV, en farándula se da el tiempo a puras estupideces y los problemas reales sólo 30 segundo"
4332853220,neg,"#debate09 #dp09 me perturba la corbata de frei. No me acostumbro al Frei &quot;progresista&quot;"
4347338401,neg,"#debate09 formato aburrido, desagradable actitud del público de Arrate y Frei. Mala copia de debates EEUU"
4334796632,pos,"creo que Arrate estuvo sólido. Lástima que tenga un próximo 3%...."
3518192308,neg,"Yaaa po'. Si Piñera ha gastado 10 millones, Frei era el candidato natural de la Concertación y Bowen representa a los jóvenes... CUEK!"
4332846261,pos,"quiero que Piñera sea presidente :D"
4332534870,neg,"@sebastianpinera no dijo nada, que mal #Debate2009"
3385728886,neg,"@marco2010 es obvio lo que hara la concertacion si llegas a 2ª vuelta....el costo politico que eso traeria a tus propuestas seria lo triste!"
4332991140,neg,"RT @cuevaspato: piñera: ¿educacion estancada 20 años? ¿y patras qué?  |  toa la razòn!"
4332689573,neg,"RT @cmburgos: #debate09 FREI ESTA OFRECIENDO LO MISMO QUE OFRECIO CUANDO FUE CANDIDATO Y QUE NO HIZO COMO PRESIDENTE."
4334340655,pos,"Al final agarró fuerza Frei, pero lejos el más sólido fue Arrate."
3559190810,pos,"está bien eso @marco2010"
4334734499,neg,"@copano Justo se cayo la pagina de piñera cuando dijo que estaban sus gastos publicados allí :P"
4332922589,neg,"porkeeeeeeeee 50 liceos de excelencia ??? piñera kliaoo, tienen ke ser toas las mierdas iwales #debate09 ¬¬"
3520242570,neg,"Piñera kiere comprar a Chile con un bono si sale elegido!! No ha kerido gastar un sueldo etico para sus empleados y kiere comprar el voto!!!"
4335398960,neg,"nadie ve al canal 13  #debate09"
4333887028,pos,"Algo positivo de Piñera habla de &quot;nuestro&quot; país y Frei dice &quot;este&quot; país..."
4332747591,neg,"Piñera comienza a mentir!!!"
4332931386,neg,"Piñera copió discurso de Obama sobre educación. Pero acá está descontextualizado #debate09"
3657661380,neg,"cachando que no votaré por piñera ni &quot;loco&quot; jaja"
4334349220,neg,"Frei: &quot;He ocupado todos los altos cargos de este país&quot; | Por eso mismo, FREI NO MORE! #Debate09"
4343399920,pos,"no vi el dabate, pero hoy solo se habla de eso, asi que como si lo hubiera visto, parece que Arrate la lleva hoy."
3866026997,neg,"Que agrado que una dama, la senadora Matthei contribuya a la política: &quot; Programa  de Frei es &quot;pobre, lamentable, estúpido y ridículo&quo"
4332944091,neg,"Frei no te creo ni una wea #debate09"
4022987311,neg,"Dios santo...más fome que Frei haciendo un asado...quizás una comida con José María Aznar empataría eso."
4333074073,neg,"#debate09 A PIÑERA LO MEO..."
3997799346,neg,"El prog. de gob de Frei son puras cosas ilógicas y con poco peso importante a lo busca un país."
4334394075,pos,"RT@revistalapagina  lejos Arrate, sorprendió."
4149049181,neg,http://gugulson.com/2009/08/pinera-no/
3657661380,neg,"cachando que no votaré por piñera ni &quot;loco&quot; jaja"
4332988311,pos,"Me gustó la intercención de @Marco2010 #Debate09"
3499129298,neg,"pinera , parte bajando los precios en fasa. los cronicos de chile no te creemos na."
4028570148,neg,"Que decepción la de MEO, y pensar que lo prefería por sobre Frei, bueno, eso termino por definir mi voto. y no será por ningun de ellos dos."
3849459444,neg,"@csierralta Totalmente de acuerdo, piñera = piraña, de los tres MEO el menos malo..."
4334303962,neg,"#debate09 piñera muy desencajado, frei solo dijo +estado y concerta, ominammi serio y firme, arrate ni comento jaja"
4332728157,neg,"Sorprendentemente mercadista la respuesta de MEO. Piñera populista y pobre en su tema #debate09"
3858390391,neg,"Frei no puede hablar de transparencia si no quiere decir cuanto ha gastado hasta ahora."
4434832654,pos,"pucha que es bueno sebastian piñera"
4369147972,pos,"Piñera se ve mucho mejor hoy en el seminario voz de mujer que en el debate"
3737455188,pos,"Vamos Sebastian Piñera! a seguir trabajando!"
3681542571,pos,"@marco2010 felicidades son muy profesionales..."
3998329763,pos,"RT @marco2010: Un amigo escribió: no se pregunte si usted esta orgulloso de ser chileno, preguntese si Chile estara orgulloso de usted.// +1"
3745497042,pos,"@marco2010 en #PruebaAdn estuviste FENOMENAL!!!CERTERO;VERAZ;HONESTO;DIRECTO;CLARO Y SIN PELOS EN LA LENGUA!!!ADEMÁS LE APOSTASTE A PAULSEN!"
3998896818,pos,"@marco2010 mundial de fútbol para sordos en chile."
4334405314,neg,"Y los gastos de Frei?"
4332750367,neg,"Piñera y los derechos laborales aaaaaaa el wn carerraja #debate09"
3481195873,neg,"Me inscribiré sólo para votar por @sebastianpinera y evitar que salga presidente algun idiota como Frei o el comunacho de Navarro."
4333899031,neg,"Frei colgándose de la Bachelet!"
4347243018,pos,"...y escuchamos lo mismo...y peor...creo que lo mejor fue Arrate..fué el único que habló de justicia social...."
3494557100,neg,"@jorge_navarrete ¿Que te parece el bono de 40mil que ofrece PIÑERA si es que gana, para marzo? ¿COHECHO?"
4332868205,neg,"Frei ... te recuerdo, el mayor FIASCO de estafa Universitaria, lo hizo una universidad tradicional del ESTADO DE CHILE"
4334388909,neg,"@copano el formato estuvo como el loly, lo mejor, los dientes de Frei....tenia!!!"
3498119906,neg,"al dia siguiente de electo pinera la anef,la cut,etc. lo van a tapar dew uelgas y petitorios. los empresarios le ponen el hombro a frei."
3549497397,neg,"Creeré a @marco2010 cuando levante candidaturas en todo distrito y circunscripciones a elegir.Eso demuestra ganas de verdad,a medias no"
4434588794,pos,"me sorprende como se desenvuelve sebastian piñera en 1910..."
3998414695,neg,"@marco2010 uhmmm no sería mejor debatir las ideas que dejarece llevar por los egos?"
3703131845,neg,"cómo cresta piñera no sabe cuánto se gastó en el evento, si es taan bueno pa ganar lucas?"
4039506821,neg,"@LuiCast q lloron! @sebastianpinera PRESIDENTE"
3710329118,neg,"Bachelet en Cadena por TV, justo a la hora de la proclamación de Piñera. ¡Que coincidencia! ¿No?"
4332551540,neg,"no le puedo creer a Frei"
3936794832,neg,"Frei oficialmente proclamado como candidato a Presidente: que repetida y aburrida está la política chilena"
3774138723,neg,"@marco2010 // como cuando donde.... en copiapo...aunque valen hongo los de aca... #carejara"
4334628641,neg,"Piñera sin contenido en sus ideas, populista máximo, propuestas repetidas 4 o 5 veces, poco control de sus impulsos, una mierda de candidato"
4409679743,neg,"Aún no entiendo porqué @marco2010 no presentó candidatos en todos los distritos y circunscripciones donde se elijen.Poca vacación de ganar?"
4327720145,pos,"Vamos al debate con @marco2010, atentos a #debate09...!"
3383200050,pos,"Chateando con @marco2010 :P"
3738337064,neg,"...y si se viene pacto Frei-Meo?"
3858329063,neg,"@tele13online Frei es inteligente pero su hacer política es de los 80 necesitamos algo mas contemporáneo"
3969454417,neg,"viendo a Frei en #T0,me eesta dan ddo sueeñ zzzzzz zzzzzzzzzzzzzzz zzzzzzzz zzzzzzzzzzz zzzz zzzzzzz zzzzzzz zzzzzzzzz"
3971481665,neg,"@AdrianFrg  a esto que escribiste FREI: &quot;El plan cuadrante ha sido exitoso&quot;. Quedó demostrado el 11 en la noche... oh wait"
4009594803,pos,"@marco2010 esta buena la entrevista aunque demasiado sincera para mi gusto :)"
4058104756,pos,"@efeortega Zorrón papá en ProntoCopec: yo no me inscribí pero hubiese votado por Piñera, pq MEO es comunista y Frei, Frei no More pos zorro"
3969891072,pos,"Si Frei tuviera 30 años menos, la pienso"
3737004825,pos,"Buena @marco2010 la tendencia es lo que importa."
4332547907,neg,"Frei con corbata rosada para mostrar que ahora es desordenado y light. Es alternativo jejejej."
3847745216,neg,"RT @danitoo Soñe que mataba a mi familia, alguien me puede interpretar el sueño? | tambien soñabas que Piñera era elegido Presidente?"
4334312532,neg,"chiste fome de frei xD"
4334265268,neg,"Piñera habla de HUMILDAD juajauajua @debate09"
4334436060,pos,"Arrate, el gran ganador"
4334487560,pos,"#debate09 la bajeza se da vuelta contra quien la emiten Piñera dio puñete a Frei no estaba establecido por que tiene que estar def chao Frei"
4331602969,neg,"#debate09 ..y a Frei que cuando se digan &quot;Preguntas de Twitter&quot; no quiere decir q una marca de chocolates auspicie las preguntas."
3500985771,neg,"Demonizar a piñera recuerda a los fachos demonizando la opción del no hace algun tiempo."
3736979390,pos,"actuar con firmeza 64 piñera 51 frei"
3463326144,pos,"@marco2010 Marco, porque vas tu personalmente a la Escuela de Gobierno de la Universidad de Chile y a la Central mandas a Escobar"
3701705114,neg,"Les queda duda que piñera es malevolo, ahy esta niños, su libertad de prensa , con una periodista sacada a empujones de una proclamacion"
4315492319,pos,"LTCOM Mas visto : Navarro baja candidatura presidencial para apoyar a Marco Enríquez-Ominami: D.. http://twurl.nl/eaj6fy (via @latercera)"
4334238474,neg,"hasta la corbata esta chueca en Piñera xD!"
4334230989,pos,"Bien Arrate, Piñera muy buen estudiante de memoria, Frei lo que es: Honesto, Ominami se las arregló"
3516785902,pos,"después de lo de hoy en el Hogar de Cristo, parece que Piñera &quot;se marca solo&quot;.... #fb"
4454599318,pos,"@marco2010 Grande Marco, digno de los tiempos modernos, mente abierta por siempre."
4030750038,neg,"Que Piñera reflotado entrevista de MEO no tendría nada de criticable.... si es que Piñera no hubiera acusado un complot por banco de Talca"
3970343121,pos,"RT @Hoogueeto: RT: T0 Edo Frei: Yo le dije a Pinochet que Contreras va preso | Y cuándo le dijo &quot;Usted va preso&quot;? Cuando estaba en Londres?"
4334164923,pos,"@Zentaurus Piñera es un robot, si lo... o sea, si alguien lo mata, solo pondran otro"
3746174521,pos,"Campaña FREI:  Visibilidad completa a personajes como Carlos Montes y neutralizar a los Girardi."
3737923724,neg,"@matiasdelrio saca las conclusiones que quieras,muy a tu pesar Piñera será presidente de Chile"
3529681052,neg,"Encuesta en VENDETTA.CL: ¿Quién es más carismático? Frei, un palo, un árbol, un mendigo o un muerto? Vota Ya! la única elección divertida"
4334232343,pos,"Piñera ya llora pidiendo una oportunidad"
4475382082,pos,"Hoy: Enríquez-Ominami: ?Debemos salir de la retórica de la integración y pasar a hechos concretos: túnel de.. http://bit.ly/nubIh"
3522719335,pos,"RT @copano &quot;Frei es como McCain, a pesar de que traten de vestirlo de Obama como locos!&quot; // Ja!  Qué acierto!."
3833016205,pos,"@marco2010 bien con lo de lamarca"
4332694607,neg,"FREI MALA RESPUESTA SOBRE LOS BANCOS.......PLOP MUY, MUY MAL!!"
4436308442,neg,"En la franja de Eduardo Frei no aparece él ¿Le quitará votos? jaja."
3894832427,neg,"malísima la web nueva de Frei... la anterior era mucho mejor..."
3702519927,pos,"No me esperaba menos de Piñera #Arenazo"
3925360913,neg,"Cambié mi avatar en Twitter, hasta le agregué la estrella de Piñera, pero en Photoshop, jajaja."
3997787789,neg,"@sebastianpinera DON SEBASTIAN, EL TEMA DE TOCALLI ES SENSIBLE PARA UNA GRAN CANTIDAD DE COLOCOLINOS , Y ADEMAS MUCHOS VOTAN ... SALUDOS"
3862708893,neg,"RT @nhermosilla: RT @nelsonavila: Un amigo me aconsejo andar siempre al lado de Piñera.Si vas delante,te fornica y si vas detras,te caga ..."
3850943124,neg,"@marco2010 y que pasó con la democratizacion del lujo pregúntome yo..."
4333074073,neg,"#debate09 A PIÑERA LO MEO..."
4334757698,neg,"Larraín &quot; Sebastian tiene su platita lo sabemos&quot;.....naaaa me tai!! yo no sabia :P #debate09"
4333073563,pos,"RESULTADOS Arrate, marca la diferencia con caracter y frontalidad... frei...parejito pero fome piñera y MEO muy pauteado #debate09"
4137744859,neg,"chú... ¿Significa que el tan amistoso Piñera (hola videos en LAN difamando al Perú! ^^) podría ser el futuro pesi chileno? #noscagamos"
3980855147,neg,"@adcarlos jua!!! piñera sale igual, Frei se tiro hace rato."
4334098870,neg,"#debate09 Piñera Deja de Preocuparte de los Demas...Como Decis Weno Pal Web......"
3720659540,neg,"Ustedes saben que yo hice el pépsi fést en su momento. El costo de anoche de pínera lo tengo muy claro. trivia:cuanto se gastó?"
3809043899,neg,"pinera elimina el estado de bienestar dejado x bachelet"
3858476547,neg,"@tele13online SEÑOR FREI, NO SE PUEDE HABLAR DE TRANSPARENCIA SI USTED NO ES CAPAZ DE HACER LO MISMO.  GRAVE ERROR EN SU CAMPAÑA!!"
3892595995,pos,"@marco2010 sigue avanzando"
3739966891,neg,"Gracias @sebastianpinera por regalarnos la mejor portada de La Nacion... en blanco!!"
3738423356,pos,"Y aún faltan dos factores importantes; La intervención total de Bachelet y el apoyo público expreso de @marco2010 en la 2° vuelta a @Efrei"
4165748157,pos,"@marco2010 no predizcas el futuro, ni quien lo hizo mejor en el debate, solo habla  de  lo que nos interesa, EL MANTENER NUESTRO TRABAJO."
4335469989,neg,"@marco2010 solo espero que no salga corriendo a visitar a Fidel o a Chavez como el episodio de la presidenta"
3414700526,neg,"Piñera no respeta los espacios publicos, sale cada 5 min en las radios de internet, Tenemos derecho a escuchar musica y publicidad variada??"
4332662658,neg,"Crear el Sernac financiero?...Piñera dice que la Super de Bancos no hace su pega?"
4031986515,pos,"@marco2010 también para ti y familia Marco y que disfrutes las cuecas"
3955338576,pos,"El candidato de la coalición por el cambio, Sebastián Piñera, arribó al tedeum evangélico en Santiago. Se espera llegada de Frei."
4154562011,neg,"Enríquez-Ominami acusó &quot;trucos&quot; del Gobierno con la Reforma Laboral : Candidato presidencial independiente criti.. http://bit.ly/Uglh3"
4041963784,pos,"También estoy de acuerdo con José Piñera los aeropuertos en Chile deberían tener todos nombres de escritores chilenos"
3746464611,pos,"@joseoshea por un pelo, obvio (bueno, un mechon de pelo). La duda es con piñera..."
3466838117,pos,"Excelente entrevista de @cumparini a un empaquetado piñera qué despues se relajó en la carrera de poder. muy buen programa, me rei mucho :D"
4341995539,neg,"Una &quot;verdad&quot; a medias, tergiversada y lanzada para causar daño ante la opinión pública, con la peor mala leche de un político. #debate09"
4334901266,pos,"RT @valdunga: hay un personaje de Pixar hablando a favor de arrate..esteban silva// también."
4031186664,pos,"@marco2010 Vamos Marco que se puede, no dejes que dichos del pasado se pongan sobre los dichos del presente...La sinceridad es la mejor arma"
4430710991,pos,"Blog: : CLASSIFICAÇÃO ATUALIZADA DO BOLÃO DO CAMPEONATO BRASILEIRO/2009:VINÍCIUS ANDRÉ 36,5 PTOSFÁBIO FREI.. http://bit.ly/29mP5V"
4336135253,neg,"escucho a piñera y me acuerdo de la profesora de charlie brown y su blablablablabla. Bien arrate y @marco2010. Frei parejito"
4376872469,pos,"@hortensia si, y guapa, me dan ganas de apretarle los cachetes a Piñera, es tan &quot;lindo&quot; y &quot;bueno&quot;"
4062868942,neg,"Insinuarle a Frei que si quiere ser Presidente e Chile No tiene que buscar votos entre los extremistas o comunistas.que es lo mismo"
4354860535,pos,"@sebastianpinera Hola Sebastian. Fuerza podemas mucho mas,Frei esta perdido no tiene que ofrecer al Pais cae en la descalificacion burda."
3495009866,neg,"Claramente Piñera vive una realidad paralela y cree que Chile es el negocio de su vida."
4164071496,neg,"En corta, piñera no respeta la propiedad intelectual. A cuidar nuestras tallas en twitter, q a nosotros sí que no nos defiende nadie."
3670944861,pos,"Piñera: &quot;Quiero ser el Bielsa chileno&quot;; Bielsa &quot;Quiero ser como Bachelet&quot; SP OWNED!."
3748928665,neg,"@sebastianpinera Si se trata de ganar por nariz ¿Cuánto estás dispuesto a pagar por la mía?"
4036046113,neg,"Candidato a la presidencia dijo en reportaje que lamentaba ser chileno: escribió la hija de Piñera en su Twitter.. http://bit.ly/F6JZv"
3690080248,pos,"Esta noche estaré acompañando la proclamación de mi hermano @sebastianpinera junto a los charros de Lumaco y Américo en arena santiago"
4122784658,pos,"RT@miguelhotero:Sebastian Piñera puntea las encuestas en Chile, donde las encuestas son creibles, p las elecciones en 90 diasNada q ver  ..."
4333074073,neg,"#debate09 A PIÑERA LO MEO..."
4409378163,neg,"Con q objetividad @patricionavia hablara de las campañas presidenciales,si es activista y financista de @marco2010 ,ahora entiendo las cosas"
4336284300,pos,"#debate09 Arrate: &quot;Agradezco la delicadeza de Marco de no preguntarme por mis gastos, porque el problema que tengo yo es de ingresos&quot;"
3535592915,neg,"Sebastián Piñera: &quot;El bono de marzo es un anticipo de un programa ...:  Ante la oleada de críticas surgida .. http://bit.ly/Qa9Vw"
4305167763,pos,"Bajada de @navarro aumenta fuerzas a @marco2010... adelante con todas las fuerzas¡¡¡¡"
3560427410,neg,"Jajaj sigue a @marco2014 mejor RT @patoseba: siguiendo a @marco2010 . yo siempre tan atrasado pa mis cosas. pero mejor tarde que nunca."
4333003077,neg,"@patricionavia  Piñera dice &quot;profunda reforma en educ.&quot; Muy general,eso es como decir nada."
3502391745,neg,"Piñera solo ha gastado 10 millones en su campaña...Así las cosas yo gaste como luca y media en comida estos últimos dos meses."
4349219432,pos,"Marco Enríquez Ominami lideró la encuesta on line de Diarios Ciudadanos http://is.gd/3DBtN (via @elnortero)"
4355955448,pos,"@Rarv61 Creo q lehos, ganò Arrate, le dio firmeza a los comunistas q lo veìan dèbil."
4014055753,neg,"RT @MLKtoSCL RT @teban: Frei Ingeniero, Piñera Economista, MEO Filósofo, Arrate Abogado ¿y Navarro? | Navarro es Chavista. | indeed"
4140552741,pos,"@marco2010 una propuesta, educacion gratuita para los hijos de mapuches y para obreros de la construccion. subamos el estatus del pais.."
4020641219,pos,"RT: @Felipehuidobro Sabia ud que el autor de chileno,chileno de corazon es @marco2010"
4332923461,pos,"100% de acuerdo con Piñera"
4369352440,pos,"Eduardo Frei en Comunidad Mujer: &quot;la maternidad no puede ser vista como una carga&quot;...tenemos que preocuparnos por la caída de la natalidad"
3631112832,neg,"La Piñera chica defiende a mami por piratear un CD. La tontorrona cree que porque fue comprado puede sacar las... http://bit.ly/zx1k3"
4113318504,neg,"Vidal va a ver la parada 2010 por TV, Piñera llegara en el ford galaxi y Frei donde mismo estuvo hoy"
3755803408,pos,"CEP: PIÑERA TIENE LOS MEJORES ATRIBUTOS PARA SER PRESIDENTE www.consultajuridica.blogspot.com"
4109140299,neg,"@marconunez Y si gana Piñera volarán 100 nuevos Boeing 787 ?Dreamliner? de largo alcance de LAN Chile. ¡No se pedirá ninguna autorización!"
4322117319,pos,"@marco2010 Que te vaya super bien en el debate de hoy..."
3381952597,neg,"@marco2010 @sebastianpinera @sebastianbowen una verguenza los $160 millones que entrega el gobierno para obras hidraulicas solo para la RM"
4295402063,pos,"@sebastianpinera Exito mañana. Por favor, hay que demostrar que es posible un cambio en Chile. Y muy personalmente... GANALE A FREI!!!"
4334238040,neg,"Le pasa algo al cuello de piñera en el #debate09"
3430067980,pos,"@marco2010 adhiero man, 'capacidades distintas' es un buen término. Mejor q 'discap' o, el trrible, 'inválido'."
3887007166,pos,"Este sabado acompañemos a Eduardo Frei al inscripcion de su candidatura"
4333952730,neg,"#frei esta tan cagado que tiene que usar twitter para ir respaldandose"
3696810191,neg,"RT @pablobello Que bonito... no tenemos sesión de la Comisión por el Proyecto de Ley de Antenas por la proclamación del candidato Piñera..."
3690554345,neg,"Fastuosa proclamación de Piñera en Arena Santiago es fuertemente criticada por gastos.Ahora si que el Seba se... http://bit.ly/10W4mg"
3869267665,neg,"entre Frei con la señora K y Zaldívar con Soria, me queda claro que no eligen muy bien su compañia... http://tr.im/yhdn"
3856429713,pos,"@marco2010 bien por responder no todos lo hacen ganas punto.Te comprendo tb me formé con franceses pero no comparto todo tu planteamiento"
4067213813,neg,"@marco2010 exelente lo del fonadis se esperaba algoi asi de los candidatos ya que esta intutucion no hace mucho por la porblematica en gnrl"
4332943043,neg,"cada vez que habla piñera me dan lapsus, creo que el 75% de lo que habla no tiene nada que ver con la pregunta"
4333887028,pos,"Algo positivo de Piñera habla de &quot;nuestro&quot; país y Frei dice &quot;este&quot; país..."
3736345978,pos,"@marco2010 bajando las expectativas??? parece que subimos poco"
4355290659,pos,"http://bit.ly/bb523 bien por @marco2010, pero mal momento pa la foto"
4368522415,neg,"Debo admitirlo. La derecha me da miedo. Piñera, Matthei, Allamand, Chadwick, Larrain y Longeira, tienen cara de dictadura militar católica."
4334178719,neg,"pagina de piñara: &quot;sitio en mantención&quot;... apuesto que están subiendo los gastos de campaña truchamente. El perdedor de este debate: Pi?"
3507068184,pos,"@marco2010 buena idea!! todos los que se inscriban en un padron de indigenas eligen parlamentarios con un minimo asegurado."
3534915539,pos,"@sebastianpinera ya po seba, ayer MEO subio las fotos de su perro. Juguemos con nuestras propias cartas."
3824218024,neg,"RT @andresazocar: idea mia o sebastian pinera dijo que veia la antartica desde tierra del fuego...//jajajajaj...mala asesoría está teniendo"
3529962559,neg,"@sebastianpinera es de los más bajo caer en la misma historia q la concertacón y sun medidas parche para ganar unos pocos votos"
4332604024,neg,"viendo el debate ps'... [uta que me carga piñera]"
4432824580,neg,"WTFK!!!! Villegas prestandole ropa a Piñera???...pero lo comparo con un alcoholico."
4178251351,neg,"@sebastianpinera cuando haga un chiste de algún personero de gobierno; y en público; que sea de su ingenio y no PLAGIADO de &quot;THE CLINIC&quot;"
3528838271,neg,"@marco2010 no es mi afan defender a sp ni mucho menos pero dijo ke eran en 10 dias , auske eso no deja de ser una mentira de akellas"
4433063312,neg,"RT @tolerancia0: José Antonio Viera-Gallo en Tolerancia Cero... señor viera-gallo... Frei no es empresario...???"
4334527746,neg,"Jajajajajajajaj! Hasta Yingo tiene más credibilidad que Frei RT @elfracaso Frei llama a debate en Yingo #debate09"
4462304151,neg,"&quot;fue debate político, no jurídico&quot;... Si Frei decía eso en el debate se ahorra el jugo."
4350171893,neg,"...Mis conclusiones de ayer son : Arrate me prende!, Frei, le falta imponer ley, enriquez le falta un meñique, y Piñera DA PENA! jajaja..."
3755803408,pos,"CEP: PIÑERA TIENE LOS MEJORES ATRIBUTOS PARA SER PRESIDENTE www.consultajuridica.blogspot.com"
4395332873,neg,"Piñera revela una acción compulsiva y una falta de conciencia de la ilegalidad.  http://bit.ly/1ovWP"
4332929158,neg,"Piñera dice nada, ni una palabra para los profesores...pésimo #dp09 #debate09"
3707690157,pos,"@sebastianpinera solo se tu mismo. El cambio radical que necesita Chile solo tu lo puedes llevar a la realidad"
3736518937,neg,"Frei esta asustadoooo!!! frei sta cagadooo!! juju eso le pasa por viejo amargado :P"
3906455131,pos,"@marco2010 Hoy despues de tu inscripción como candidato lograste el voto de mi madre que es de &quot;mi general&quot; VAMOS QUE SE PUEDE !!!"
3503701069,neg,"Piñera, te caiste, como puedes decir que has gastado 10 millones de pesos en 10 dias de campaña?"
4334479728,neg,"esta viejito frei, comiendo dulce para establecerse..... mm"
4334694274,neg,"#debate09 xD cagaron a Piñera con el comentario de la caida de su pagina"
4334148917,neg,"@koshilais piñera es el que está a punto del colapso nervioso..."
4030612933,neg,"@Curvaspoliticas  Es que PIÑERA y AZNAR son la misma cosa: ambos tienen la sombra de un dictador muerto... solo que sin acento ezpañolll"
3458573744,neg,"MovilhOpusGay.- ENRIQUEZ-OMINAMI YA NO APOYA EL MATRIMONIO HOMOSEXUAL. Lo excluyó de su programa presidencial.... http://3.ly/GXP"
4334079594,neg,"@Chuqui creo que Piñera queria decir FREI y no enriquez.. pero le patino"
4334899138,neg,"#debate09 piñera gastó 50 millones en &quot;eventos&quot;? y el Arenazo lo hizo por canje?"
4304607113,pos,"@sebastianpinera si vienen las invitaciones con pasajes, yo quiero ir desde quilpué!! Me gusta la politica 2.0!! saludos!"
3549040388,pos,"m acabo de inscribir como apoderado de mesa... aguante @marco2010"
4107073641,neg,"@sebastianpinera y no te invitan siendo, segun las palabras de ellos mismo: &quot;un gobierno de y para todos los chilenos&quot;. Solo discriminacion"
3771211803,neg,"@sebastianbowen Interesante que Frei no ocupe Twitter, siendo esta una herramienta bastante interesante para interactuar con el electorado."
4334342582,neg,"Arrate no pasará Agosto 2010 RT de alguien"
3709885058,neg,"la naciòn denuncia censura del comando de piñera: se impidiò trabajo de periodista y fotografos en el movistar arena.. acusan a hinzpeter..."
4333053980,pos,"@sparraguez Impresionante @JorgeArrate, ganador por paliza. Además, es el único que no esta con pánico escenico"
4334369299,neg,"@raverbashing si, frei culiao. aún no sé por quién votar pero por frei, ni que me pagaran, no le haría eso a mi país."
4332642282,neg,"No soporto al falso de Piñera"
4063617256,pos,"@sebastianpinera porque no aprovecha de traerse un buen entrenador a colo colo?? gracias don sebastian y feliz 18!"
3868953885,neg,"Matthei endurece crítica de la derecha al programa de Frei. ?Mis hijos habrían presentado algo mejor?, dijo la... http://ff.im/-7QFUo"
4334315375,neg,"Qué talla más buena Frei"
3688714265,pos,"Vamos chilenos, espero salga todo como lo previsto. Piñera Presidente. http://myloc.me/v3bi"
4346563192,pos,"Jorge Arrate es el mejor candidato, los demas son mas de lo mismo"
3697483103,neg,"chavito anima la proclamación de piñera... puaj! por ambos"
4334739283,pos,"Enriquez- Ominami con una dicción que te la encargo... En  ...fin, de los cuatro, en el debate el menos malo fue este ultimo..."
4343024468,neg,"@tvn_mauricio sebastian piñera siempre los mismos argumentos se los aprendio de memoria no aporta  nada nuevo"
4332753419,neg,"puta piñera deve tar pasandola negra"
4332771884,neg,"buuuu Frei buuuuuuu fiiiiuuuuuuuu... mmmm... zzZZZzzZZZzzz #debate09 #fb"
4354653256,pos,"@marco2010 estoy contigo marco, un abrazo de este humilde comunicador"
3891236583,pos,"@marco2010  felicitaciones y deseos de exito para ti, para ustedes, para Chile"
4334487012,neg,"La pelea en vivo entre Piñera y Frei dio verguenza..."
3681542571,pos,"@marco2010 felicidades son muy profesionales..."
4334148096,neg,"Que alguien le diga a Piñera que se arregle la corbata... solo no se dará cuenta, los nervios lo sobrepasan, se le... http://bit.ly/4FrHWr"
4012241109,pos,"@marco2010 Tu pasado es tu fortaleza."
4334240367,neg,"-Comentario Estético: Piñera, pésima postura de la corbata :S! #debate09"
4334595280,pos,"La esposa de Piñera lo esta haciendo mejor que piñera en el #debate09"
3854455472,neg,"Un buen amigo me aconsejo andar siempre al lado de Piñera.Si vas delante,te fornica y si vas detras,te caga,dijo.Asi, no hay donde perderse."
3548327089,neg,"RT @HelKareRaja &quot;A Piñera lo motiva la vanidad y el poder. El país conoce las veces en que Piñera no ha hecho lo que dice&quot; E.Mattei 27/5/"
4332559705,neg,"@ferruiz a mi también :B ... y es más, me cae como el pico piñera XD"
4332754977,neg,"jajaajaj piñera se lo comio el publico wajajaj"
4334849143,pos,"@marco2010 simplemente el proximo presidente de Chile"
4334405945,pos,"#debate09 lejos arrate el mas vivito, pero el tatita...next :/"
4434636334,neg,"Y ahora saca hasta frases de Gardel, copia MODE ON by @sebastianpinera"
3970208522,neg,"Frei no se arrepiente de nada, ni siquiera de los errores... interesante"
4328447765,pos,"@sebastianpinera Mucha suerte para hoy Sebastian, voy a estar viendo el debate"
3810639072,neg,"Piñera dejo instrucciones claras de Todos contra @marco2010 en #tolerancia0 , mañana todos estaran con un bono en el sueldo"
3871144076,neg,"RT @andresazocar &quot;No estamos tirando bonos a la chuña&quot;, Eduardo Frei buscando el voto joven..&quot;chuña&quot;//ay ay ay"
4434815799,pos,"Una vision del futuro... Piñera y sus ministros"
4334382604,pos,"me gustó, me gustó... arrate insisto el mejor de la noche, luego MEO forever, el resto q se pudra"
3704801690,pos,"@sebastianpinera cuneteao el beso... a lo bolocco menem..."
3698283967,neg,"@marco2010 mas estacionamientos para bicicletas"
3739917363,neg,"@ramonmalleaa ... hasta ahi no mas llego Piñera, mas con el arenzano y el bloqueo a La Nación, el ridiculo de los 10 millones ..."
3699511453,neg,"Piñera habla del Narcotráfico... estará traicionando a su hermano?"
4093011626,neg,"@marco2010 Hay miles de chilenos postergados hace rato y en cuestiones basicas: educacion, salud y nadie rasga vestiduras...."
3658778037,neg,"piñera sucks! (@sebadillalive live on http://twitcam.com/1197)"
3703286040,pos,"En el Arena Stgo. se vió mística, esperanza, convicción, ánimo. Es indudable que se percibe que Sebastian Piñera será el nuevo Presidente."
4333904694,neg,"FREI.....NO MUEVAS TANTO LA BOCA PARECE QUE ESTAS MASTICANDO  LA CARNE DEL 18"
4368042465,neg,"Que rasca Frei no llegando a la hora (Quizás no llegue) al foro Voz De Mujer."
4047634289,neg,"Realmente vergonzoso el video de fiestas patrias de Sebastian piñera"
3698048582,neg,"Me declaro contrario al populista y caro acto de campaña de Piñera en Movistar arena. Como decía aquella canción CHILE NO SE VENDE CARAMBA!!"
3726046539,neg,"Ooops, pusimos la cadena justo a la misma hora de la proclamación de Piñera...oops, fue sin querer..."
4334236694,neg,"Frei, enserio nada contra ti, pero creo que mañana mismo deberias llamar a navarro y pedirle una ayuda a los tramites de retirarse"
3516785902,neg,"después de lo de hoy en el Hogar de Cristo, parece que Piñera &quot;se marca solo&quot;.... #fb"
3998690141,neg,"&quot;Veo a Frei prisionero dentro de su candidatura&quot; A. Zaldivar en @tele13online, algo bueno que diga"
4334738151,neg,"Piñera es Maricón... aún no le da el nombre de su cirujano a Carlos Larraín [Pdte RN]"
3458572330,neg,"Tiembla Piñera...parece que mañana SI va a haber sorpresas en el Consejo Gral de la UDI."
4332604024,neg,"viendo el debate ps'... [uta que me carga piñera]"
4332769629,pos,"Frei: Agarra confianza con el abucheo. Habla de continuar, referte directo a Bachelet. Refuerza idea de concertación."
4093082148,neg,"Es realmente irritante la actitud de Frei de no pronunciarse sobre nada..."
4374889689,neg,"me tiene chato Frei y su comando..Como no tienen nada que ofrecer y van perdiendo, lo unico que hacen es pelear y apelar al intervencionismo"
4335041525,neg,"Los analistas politicos coinciden: Piñera muy bajo en el debate..bluff"
4333850938,neg,"WEN PALO @sebastianpinera SACALE LOS TAXIMETROS CON BOLETO Y LOS COBRADORES AUTOMAGICOS!"
4335254854,neg,"De verdad está mina está diciendo que el que propuso más ideas fue Piñera!!!!!!? O.o"
3657630870,neg,"Liz Taylor: @sebastianpinera también probó la marihuana. Frei? el papiro prensado?"
3904039320,pos,"@luiscarlosvelez Noticias de Chile: Hoy se inscribió el 3er candidato presidencial Marco Enriquez indep, ayer lo hizo Piñera y Arrate"
4335696463,pos,"gran debate presidencial, piñera cada vez pierde terreno, grande MEO"
3800337301,pos,"@sebastianpinera  saludos Don Sebastian Piñera! ... espero de corazon que gane la eleccion presidencial... Chile necesita un cambio =)"
3521833191,neg,"Se justifique o no, cualquier cosa q haga Piñera es criticada x la concertacion sienten encono y odio  por el proximo presidente de Chile"
3824249440,pos,"Hay que approbar la ampliacion de la inscripcion electoral por 1mes Jovenes a votar por Piñera"
4334313572,neg,"Puta que es weón Frei... &gt;.&lt; #debate09 #dp09"
3751165601,neg,"no me representa ni Piraña ni Frei, vamos Marco!!!!"
4434858324,pos,"awww me encanta piñera!"
4335637188,pos,"@marco2010 fuiste el mejor"
4344314876,pos,"Analizando el debate de ayer, gracias señor Arrate y MEO, nace una nueva forma de hacer politica."
4332747591,neg,"Piñera comienza a mentir!!!"
4318302268,pos,"RT @latercera Enríquez-Ominami: &quot;En mi gobierno facilitaremos la conectividad mejorando la red ferroviaria&quot;...  http://twurl.nl/um6spb"
3494863355,neg,"A Piñera se le arranco el helicoptero con el bono de 40k"
4369147972,pos,"Piñera se ve mucho mejor hoy en el seminario voz de mujer que en el debate"
4334824355,pos,"Arrate is the man."
4334304724,neg,"MEO le hace ojitos a arrate y se caga a piñera y a frei"
4029119275,neg,"Don @nelsonavila creo que Frei tiene el tic de &quot;no opino&quot; cuando le preguntan sobre algo complicado."
3459334999,pos,"Agregada mi estrella de Piñera!!!!"
3849136341,neg,"@sebastianpinera wanna be @BarackObama trucho."
3788418218,pos,"@sebastianpinera se va de Coronel al Monumental. Lo q es tener helicóptero..."
4332751616,pos,"Excelente... la primeras pifias para Piñera... #debate09"
3969454417,neg,"viendo a Frei en #T0,me eesta dan ddo sueeñ zzzzzz zzzzzzzzzzzzzzz zzzzzzzz zzzzzzzzzzz zzzz zzzzzzz zzzzzzz zzzzzzzzz"
4334465092,pos,"#debate09 Ojalá alguine este atinando con alguna encuesta ahorita... apostaría porque Arrate subió"
4334676213,neg,"RT @sebastianpinera: fuiste el gran perdedor. tus ideas se vieron maqueteadas, no te la pudiste con frei, menos con ominami. CHILENOTE CREE!"
3866187620,neg,"Que onda la Senadora Matthei..que susto !! una dama, una abuela: Programa presidencial de Frei es &quot;pobre, lamentable, estúpido y ridículo&quot;"
4334453482,pos,"Arrate gana por su gran manejo de la polémica"
3904969555,pos,"Cristina Kirchner recibió al candidato presidencial chileno Eduardo Frei http://bit.ly/Em6ND"
4332988311,pos,"Me gustó la intercención de @Marco2010 #Debate09"
3971048074,neg,"caxando frei y peñera tienen deficit atencional, nunca entienden lo que les pregunta"
3741742675,pos,"@marco2010 Yes We Can!!!"
3968994355,neg,"Aunque muchas prefieran ver el desempeño de Frei en TC, está vez me resto y dedicaré lo que queda de domingo a ver #LieToMe"
3458685761,neg,"#esdeizquierda ser conformista y votar por Frei solamente para que no salga alguien de derecha."
4333318254,neg,"@marco2010 se equivoca colosalmente con la idiotez que dijo sobre la vivienda #debate09"
3498768570,pos,"@marco2010 como el caso de sabagh (el senador y familia) en cabrero viii region"
3756266482,neg,"por qué ahora frei apela al voto útil?? viejo careraja!! NO VOTE POR FREI NICAGANDO!"
3714710600,neg,"Conexión Informativa... Entrevista de hoy: senador Jorge Pizarro...por denuncia de intervencionismo de Sebastián Piñera..http://digitalfm.cl"
4333043201,neg,"PIÑERA señala que &quot;los problemas reales de la gente&quot; son importantes, pero ¿realmente conoce los problemas reales del país o de unos poc"
3588646531,pos,"@sebastianpinera Es un buen nombre, rapido como el atleta y tierno como el de la pelicula"
3904095712,neg,"sera posible que hoy en plena democracia todavia haya gente que quiera un toque de queda?eso nos esperara si piñera sale presidente"
3970438294,pos,"OOOhhhh O_o Frei en Tolerancia Cero, esto no me lo pierdo"
3897827876,pos,"@marco2010 yo fui ahí de vacas, te recomiendo qe pases rapidito por la cueva del milodon :)"
4334595280,pos,"La esposa de Piñera lo esta haciendo mejor que piñera en el #debate09"
3738771117,pos,"quee cóomico Frei!, vamos a ganar por nariz!... jojo... que jocoso!... que dicharachero!... tráinganme a Vanessa Müller mejor..."
3494863355,neg,"A Piñera se le arranco el helicoptero con el bono de 40k"
3793491308,neg,"conclusion piñera es yeta"
4334248563,neg,"mas estucado que Piñera"
4342925020,pos,"Piñera!!!!! Comprate un alma por la CTM!!!!!  Ayer Solido Arrate !!!"
4332949227,pos,"en la pregunta de la educación, LEJOS, Frei respondió mejor. Es que de hecho él se preocupó de responder la pregunta, sin verbosidad."
3699755148,pos,"@sebastianpinera Apelando a la emoción. Mira cómo lloro..."
3572008030,neg,"@marco2010 GOMILALO?"
3834772697,neg,"@rob_rebirth Yo no tengo pacto con Piñera, no desde que se aprovechó de mi amabilidad. Nunca más con el"
3504380613,pos,"@marco2010 Muy buena idea, señor. Chile necesita abrirse y no discriminar al pueblo mapuche..."
3997787789,pos,"@sebastianpinera DON SEBASTIAN, EL TEMA DE TOCALLI ES SENSIBLE PARA UNA GRAN CANTIDAD DE COLOCOLINOS , Y ADEMAS MUCHOS VOTAN ... SALUDOS"
4334362063,pos,"ARRATE habló con convicción!! #debate2009"
4454599318,pos,"@marco2010 Grande Marco, digno de los tiempos modernos, mente abierta por siempre."
4304624886,pos,"RT @biobio: Urgente: Alejandro Navarro da su apoyo oficial a Marco Enríquez-Ominami. // MEO va a sacar 16% ahora xD"
4369786315,neg,"Arrate: &quot;Sebastián tu votaste en contra en 1995 x una reforma laboral para la negociación colectiva&quot;."
4332915090,neg,"#debate09 Las respuestas de @marco2010 son horriblemente malas..."
3832706850,neg,"@sebastianpinera una nube de smog me impide ver las estrellas"
4109140299,neg,"@marconunez Y si gana Piñera volarán 100 nuevos Boeing 787 ?Dreamliner? de largo alcance de LAN Chile. ¡No se pedirá ninguna autorización!"
